<?xml version="1.0" encoding="UTF-8"?>
<countries>
	<country>
		<value>AD</value>	
		<name>안도라</name>
	</country>
	<country>
		<value>AE</value>	
		<name>아랍에미리트</name>
	</country>
	<country>
		<value>AF</value>	
		<name>아프가니스탄</name>
	</country>
	<country>
		<value>AG</value>	
		<name>앤티가 바부다</name>
	</country>
	<country>
		<value>AI</value>	
		<name>앵귈라</name>
	</country>
	<country>
		<value>AL</value>	
		<name>알바니아</name>
	</country>
	<country>
		<value>AM</value>	
		<name>아르메니아</name>
	</country>
	<country>
		<value>AO</value>	
		<name>앙골라</name>
	</country>
	<country>
		<value>AQ</value>	
		<name>남극</name>
	</country>
	<country>
		<value>AR</value>	
		<name>아르헨티나</name>
	</country>
	<country>
		<value>AS</value>	
		<name>아메리칸사모아</name>
	</country>
	<country>
		<value>AT</value>	
		<name>오스트리아</name>
	</country>
	<country>
		<value>AU</value>	
		<name>오스트레일리아</name>
	</country>
	<country>
		<value>AW</value>	
		<name>아루바</name>
	</country>
	<country>
		<value>AX</value>	
		<name>올란드 제도</name>
	</country>
	<country>
		<value>AZ</value>	
		<name>아제르바이잔</name>
	</country>
	<country>
		<value>BA</value>	
		<name>보스니아 헤르체고비나</name>
	</country>
	<country>
		<value>BB</value>	
		<name>바베이도스</name>
	</country>
	<country>
		<value>BD</value>	
		<name>방글라데시</name>
	</country>
	<country>
		<value>BE</value>	
		<name>벨기에</name>
	</country>
	<country>
		<value>BF</value>	
		<name>부르키나파소</name>
	</country>
	<country>
		<value>BG</value>	
		<name>불가리아</name>
	</country>
	<country>
		<value>BH</value>	
		<name>바레인</name>
	</country>
	<country>
		<value>BI</value>	
		<name>부룬디</name>
	</country>
	<country>
		<value>BJ</value>	
		<name>베냉</name>
	</country>
	<country>
		<value>BL</value>	
		<name>생바르텔레미</name>
	</country>
	<country>
		<value>BM</value>	
		<name>버뮤다</name>
	</country>
	<country>
		<value>BN</value>	
		<name>브루나이</name>
	</country>
	<country>
		<value>BO</value>	
		<name>볼리비아</name>
	</country>
	<country>
		<value>BQ</value>	
		<name>보네르섬</name>
	</country>
	<country>
		<value>BR</value>	
		<name>브라질</name>
	</country>
	<country>
		<value>BS</value>	
		<name>바하마</name>
	</country>
	<country>
		<value>BT</value>	
		<name>부탄</name>
	</country>
	<country>
		<value>BV</value>	
		<name>부베섬</name>
	</country>
	<country>
		<value>BW</value>	
		<name>보츠와나</name>
	</country>
	<country>
		<value>BY</value>	
		<name>벨라루스</name>
	</country>
	<country>
		<value>BZ</value>	
		<name>벨리즈</name>
	</country>
	<country>
		<value>CA</value>	
		<name>캐나다</name>
	</country>
	<country>
		<value>CC</value>	
		<name>코코스 제도</name>
	</country>
	<country>
		<value>CD</value>	
		<name>콩고민주공화국</name>
	</country>
	<country>
		<value>CF</value>	
		<name>중앙아프리카공화국</name>
	</country>
	<country>
		<value>CG</value>	
		<name>콩고공화국</name>
	</country>
	<country>
		<value>CH</value>	
		<name>스위스</name>
	</country>
	<country>
		<value>CI</value>	
		<name>코트디부아르</name>
	</country>
	<country>
		<value>CK</value>	
		<name>쿡 제도</name>
	</country>
	<country>
		<value>CL</value>	
		<name>칠레</name>
	</country>
	<country>
		<value>CM</value>	
		<name>카메룬</name>
	</country>
	<country>
		<value>CN</value>
		<name>중국</name>
	</country>
	<country>
		<value>CO</value>
		<name>콜롬비아</name>
	</country>
	<country>
		<value>CR</value>
		<name>코스타리카</name>
	</country>
	<country>
		<value>CU</value>
		<name>쿠바</name>
	</country>
	<country>
		<value>CV</value>
		<name>카보베르데</name>
	</country>
	<country>
		<value>CW</value>
		<name>퀴라소</name>
	</country>
	<country>
		<value>CX</value>
		<name>크리스마스섬</name>
	</country>
	<country>
		<value>CY</value>
		<name>키프로스</name>
	</country>
	<country>
		<value>CZ</value>
		<name>체코</name>
	</country>
	<country>
		<value>DE</value>
		<name>독일</name>
	</country>
	<country>
		<value>DJ</value>
		<name>지부티</name>
	</country>
	<country>
		<value>DK</value>
		<name>덴마크</name>
	</country>
	<country>
		<value>DM</value>
		<name>도미니카 연방</name>
	</country>
	<country>
		<value>DO</value>
		<name>도미니카 공화국</name>
	</country>
	<country>
		<value>DZ</value>
		<name>알제리</name>
	</country>
	<country>
		<value>EC</value>
		<name>에콰도르</name>
	</country>
	<country>
		<value>EE</value>
		<name>에스토니아</name>
	</country>
	<country>
		<value>EG</value>
		<name>이집트</name>
	</country>
	<country>
		<value>EH</value>
		<name>서사하라</name>
	</country>
	<country>
		<value>ER</value>
		<name>에리트레아</name>
	</country>
	<country>
		<value>ES</value>
		<name>스페인</name>
	</country>
	<country>
		<value>ET</value>
		<name>에티오피아</name>
	</country>
	<country>
		<value>FI</value>
		<name>핀란드</name>
	</country>
	<country>
		<value>FJ</value>
		<name>피지</name>
	</country>
	<country>
		<value>FK</value>
		<name>포클랜드 제도</name>
	</country>
	<country>
		<value>FM</value>
		<name>미크로네시아 연방</name>
	</country>
	<country>
		<value>FO</value>
		<name>페로 제도</name>
	</country>
	<country>
		<value>FR</value>
		<name>프랑스</name>
	</country>
	<country>
		<value>GA</value>
		<name>가봉</name>
	</country>
	<country>
		<value>GB</value>
		<name>영국</name>
	</country>
	<country>
		<value>GD</value>
		<name>그레나다</name>
	</country>
	<country>
		<value>GE</value>
		<name>조지아</name>
	</country>
	<country>
		<value>GF</value>
		<name>프랑스령 기아나</name>
	</country>
	<country>
		<value>GG</value>
		<name>건지 섬</name>
	</country>
	<country>
		<value>GH</value>
		<name>가나</name>
	</country>
	<country>
		<value>GI</value>
		<name>지브롤터</name>
	</country>
	<country>
		<value>GL</value>
		<name>그린란드</name>
	</country>
	<country>
		<value>GM</value>
		<name>감비아</name>
	</country>
	<country>
		<value>GN</value>
		<name>기니</name>
	</country>
	<country>
		<value>GP</value>
		<name>과들루프</name>
	</country>
	<country>
		<value>GQ</value>
		<name>적도 기니</name>
	</country>
	<country>
		<value>GR</value>
		<name>그리스</name>
	</country>
	<country>
		<value>GS</value>
		<name>사우스조지아 사우스샌드위치 제도</name>
	</country>
	<country>
		<value>GT</value>
		<name>과테말라</name>
	</country>
	<country>
		<value>GU</value>
		<name>괌</name>
	</country>
	<country>
		<value>GW</value>
		<name>기니비사우</name>
	</country>
	<country>
		<value>GY</value>
		<name>가이아나</name>
	</country>
	<country>
		<value>HK</value>
		<name>홍콩</name>
	</country>
	<country>
		<value>HM</value>
		<name>허드 맥도날드 군도</name>
	</country>
	<country>
		<value>HN</value>
		<name>온두라스</name>
	</country>
	<country>
		<value>HR</value>
		<name>크로아티아</name>
	</country>
	<country>
		<value>HT</value>
		<name>아이티</name>
	</country>
	<country>
		<value>HU</value>
		<name>헝가리</name>
	</country>
	<country>
		<value>HW</value>
		<name>하와이</name>
	</country>
	<country>
		<value>ID</value>
		<name>인도네시아</name>
	</country>
	<country>
		<value>IE</value>
		<name>아일랜드</name>
	</country>
	<country>
		<value>IL</value>
		<name>이스라엘</name>
	</country>
	<country>
		<value>IM</value>
		<name>맨섬</name>
	</country>
	<country>
		<value>IN</value>
		<name>인도</name>
	</country>
	<country>
		<value>IO</value>
		<name>영국령 인도양 제도</name>
	</country>
	<country>
		<value>IQ</value>
		<name>이라크</name>
	</country>
	<country>
		<value>IR</value>
		<name>이란</name>
	</country>
	<country>
		<value>IS</value>
		<name>아이슬란드</name>
	</country>
	<country>
		<value>IT</value>
		<name>이탈리아</name>
	</country>
	<country>
		<value>JE</value>
		<name>저지섬</name>
	</country>
	<country>
		<value>JM</value>
		<name>자메이카</name>
	</country>
	<country>
		<value>JO</value>
		<name>요르단</name>
	</country>
	<country>
		<value>JP</value>
		<name>일본</name>
	</country>
	<country>
		<value>KE</value>
		<name>케냐</name>
	</country>
	<country>
		<value>KG</value>
		<name>키르기스스탄</name>
	</country>
	<country>
		<value>KH</value>
		<name>캄보디아</name>
	</country>
	<country>
		<value>KI</value>
		<name>키리바시</name>
	</country>
	<country>
		<value>KM</value>
		<name>코모로</name>
	</country>
	<country>
		<value>KN</value>
		<name>세인트키츠 네비스</name>
	</country>
	<country>
		<value>KP</value>
		<name>북한</name>
	</country>
	<country>
		<value>KR</value>
		<name>대한민국</name>
	</country>
	<country>
		<value>KV</value>
		<name>코소보</name>
	</country>
	<country>
		<value>KW</value>
		<name>쿠웨이트</name>
	</country>
	<country>
		<value>KY</value>
		<name>케이맨 제도</name>
	</country>
	<country>
		<value>KZ</value>
		<name>카자흐스탄</name>
	</country>
<country>
		<value>LA</value>
		<name>라오스</name>
	</country>
<country>
		<value>LB</value>
		<name>레바논</name>
	</country>
<country>
		<value>LC</value>
		<name>세인트루시아</name>
	</country>
<country>
		<value>LI</value>
		<name>리히텐슈타인</name>
	</country>
<country>
		<value>LK</value>
		<name>스리랑카</name>
	</country>
<country>
		<value>LR</value>
		<name>라이베리아</name>
	</country>
<country>
		<value>LS</value>
		<name>레소토</name>
	</country>
<country>
		<value>LT</value>
		<name>리투아니아</name>
	</country>
<country>
		<value>LU</value>
		<name>룩셈부르크</name>
	</country>
<country>
		<value>LV</value>
		<name>라트비아</name>
	</country>
<country>
		<value>LY</value>
		<name>리비아</name>
	</country>
<country>
		<value>MA</value>
		<name>모로코</name>
	</country>
<country>
		<value>MC</value>
		<name>모나코</name>
	</country>
<country>
		<value>MD</value>
		<name>몰도바</name>
	</country>
<country>
		<value>ME</value>
		<name>몬테네그로</name>
	</country>
<country>
		<value>MF</value>
		<name>생마르탱</name>
	</country>
<country>
		<value>MG</value>
		<name>마다가스카르</name>
	</country>
<country>
		<value>MH</value>
		<name>마셜 제도</name>
	</country>
<country>
		<value>MK</value>
		<name>마케도니아</name>
	</country>
<country>
		<value>ML</value>
		<name>말리</name>
	</country>
<country>
		<value>MM</value>
		<name>미얀마</name>
	</country>
<country>
		<value>MN</value>
		<name>몽골</name>
	</country>
<country>
		<value>MO</value>
		<name>마카오</name>
	</country>
<country>
		<value>MP</value>
		<name>북마리아나 제도</name>
	</country>
<country>
		<value>MQ</value>
		<name>마르티니크</name>
	</country>
<country>
		<value>MR</value>
		<name>모리타니</name>
	</country>
<country>
		<value>MS</value>
		<name>몬트세랫</name>
	</country>
<country>
		<value>MT</value>
		<name>몰타</name>
	</country>
<country>
		<value>MU</value>
		<name>모리셔스</name>
	</country>
<country>
		<value>MV</value>
		<name>몰디브</name>
	</country>
<country>
		<value>MW</value>
		<name>말라위</name>
	</country>
<country>
		<value>MX</value>
		<name>멕시코</name>
	</country>
<country>
		<value>MY</value>
		<name>말레이시아</name>
	</country>
<country>
		<value>MZ</value>
		<name>모잠비크</name>
	</country>
<country>
		<value>NA</value>
		<name>나미비아</name>
	</country>
<country>
		<value>NC</value>
		<name>뉴칼레도니아</name>
	</country>
<country>
		<value>NE</value>
		<name>니제르</name>
	</country>
<country>
		<value>NF</value>
		<name>노퍽섬</name>
	</country>
<country>
		<value>NG</value>
		<name>나이지리아</name>
	</country>
<country>
		<value>NI</value>
		<name>니카라과</name>
	</country>
<country>
		<value>NL</value>
		<name>네덜란드</name>
	</country>
<country>
		<value>NO</value>
		<name>노르웨이</name>
	</country>
<country>
		<value>NP</value>
		<name>네팔</name>
	</country>
<country>
		<value>NR</value>
		<name>나우루</name>
	</country>
<country>
		<value>NT</value>
		<name>중립지대</name>
	</country>
<country>
		<value>NU</value>
		<name>니우에</name>
	</country>
<country>
		<value>NZ</value>
		<name>뉴질랜드</name>
	</country>
<country>
		<value>OM</value>
		<name>오만</name>
	</country>
<country>
		<value>PA</value>
		<name>파나마</name>
	</country>
<country>
		<value>PE</value>
		<name>페루</name>
	</country>
<country>
		<value>PF</value>
		<name>프랑스령 폴리네시아</name>
	</country>
<country>
		<value>PG</value>
		<name>파푸아뉴기니</name>
	</country>
<country>
		<value>PH</value>
		<name>필리핀</name>
	</country>
<country>
		<value>PK</value>
		<name>파키스탄</name>
	</country>
<country>
		<value>PL</value>
		<name>폴란드</name>
	</country>
<country>
		<value>PM</value>
		<name>생피에르 미클롱</name>
	</country>
<country>
		<value>PN</value>
		<name>핏케언 제도</name>
	</country>
<country>
		<value>PR</value>
		<name>푸에르토리코</name>
	</country>
<country>
		<value>PS</value>
		<name>팔레스타인</name>
	</country>
<country>
		<value>PT</value>
		<name>포르투갈</name>
	</country>
<country>
		<value>PW</value>
		<name>팔라우</name>
	</country>
<country>
		<value>PY</value>
		<name>파라과이</name>
	</country>
<country>
		<value>QA</value>
		<name>카타르</name>
	</country>
<country>
		<value>RE</value>
		<name>레위니옹</name>
	</country>
<country>
		<value>RO</value>
		<name>루마니아</name>
	</country>
<country>
		<value>RS</value>
		<name>세르비아</name>
	</country>
<country>
		<value>RU</value>
		<name>러시아</name>
	</country>
<country>
		<value>RW</value>
		<name>르완다</name>
	</country>
<country>
		<value>SA</value>
		<name>사우디아라비아</name>
	</country>
	<country>
		<value>SB</value>
		<name>솔로몬 제도</name>
	</country>
	<country>
		<value>SC</value>
		<name>세이셸</name>
	</country>
	<country>
		<value>SD</value>
		<name>수단</name>
	</country>
	<country>
		<value>SE</value>
		<name>스웨덴</name>
	</country>
	<country>
		<value>SG</value>
		<name>싱가포르</name>
	</country>
	<country>
		<value>SH</value>
		<name>세인트헬레나</name>
	</country>
	<country>
		<value>SI</value>
		<name>슬로베니아</name>
	</country>
	<country>
		<value>SJ</value>
		<name>스발바르얀마옌 제도</name>
	</country>
	<country>
		<value>SK</value>
		<name>슬로바키아</name>
	</country>
	<country>
		<value>SL</value>
		<name>시에라리온</name>
	</country>
	<country>
		<value>SM</value>
		<name>산마리노</name>
	</country>
	<country>
		<value>SN</value>
		<name>세네갈</name>
	</country>
	<country>
		<value>SO</value>
		<name>소말리아</name>
	</country>
	<country>
		<value>SR</value>
		<name>수리남</name>
	</country>
	<country>
		<value>SS</value>
		<name>남수단</name>
	</country>
	<country>
		<value>ST</value>
		<name>쌍투메 프린시페</name>
	</country>
	<country>
		<value>SV</value>
		<name>엘살바도르</name>
	</country>
	<country>
		<value>SX</value>
		<name>신트마르턴</name>
	</country>
	<country>
		<value>SY</value>
		<name>시리아</name>
	</country>
	<country>
		<value>SZ</value>
		<name>에스와티니</name>
	</country>
	<country>
		<value>TC</value>
		<name>터크스 케이커스 제도</name>
	</country>
	<country>
		<value>TD</value>
		<name>차드</name>
	</country>
	<country>
		<value>TF</value>
		<name>프랑스령 남방 및 남극 지역</name>
	</country>
	<country>
		<value>TG</value>
		<name>토고</name>
	</country>
	<country>
		<value>TH</value>
		<name>태국</name>
	</country>
	<country>
		<value>TJ</value>
		<name>타지키스탄</name>
	</country>
	<country>
		<value>TK</value>
		<name>토켈라우</name>
	</country>
	<country>
		<value>TL</value>
		<name>동티모르</name>
	</country>
	<country>
		<value>TM</value>
		<name>투르크메니스탄</name>
	</country>
	<country>
		<value>TN</value>
		<name>튀니지</name>
	</country>
	<country>
		<value>TO</value>
		<name>통가</name>
	</country>
	<country>
		<value>TR</value>
		<name>터키</name>
	</country>
	<country>
		<value>TT</value>
		<name>트리니다드토바고</name>
	</country>
	<country>
		<value>TV</value>
		<name>투발루</name>
	</country>
	<country>
		<value>TW</value>
		<name>대만</name>
	</country>
	<country>
		<value>TZ</value>
		<name>탄자니아</name>
	</country>
	<country>
		<value>UA</value>
		<name>우크라이나</name>
	</country>
	<country>
		<value>UG</value>
		<name>우간다</name>
	</country>
	<country>
		<value>UM</value>
		<name>미국령 군소 제도</name>
	</country>
	<country>
		<value>US</value>
		<name>미국</name>
	</country>
	<country>
		<value>UY</value>
		<name>우루과이</name>
	</country>
	<country>
		<value>UZ</value>
		<name>우즈베키스탄</name>
	</country>
	<country>
		<value>VA</value>
		<name>바티칸</name>
	</country>
	<country>
		<value>VC</value>
		<name>세인트빈센트 그레나딘</name>
	</country>
	<country>
		<value>VE</value>
		<name>베네수엘라</name>
	</country>
	<country>
		<value>VG</value>
		<name>영국령 버진아일랜드</name>
	</country>
	<country>
		<value>VI</value>
		<name>미국령 버진아일랜드</name>
	</country>
	<country>
		<value>VN</value>
		<name>베트남</name>
	</country>
	<country>
		<value>VU</value>
		<name>바누아투</name>
	</country>
	<country>
		<value>WF</value>
		<name>왈리스 푸투나</name>
	</country>
	<country>
		<value>WS</value>
		<name>사모아</name>
	</country>
	<country>
		<value>YE</value>
		<name>예멘</name>
	</country>
	<country>
		<value>YT</value>
		<name>마요트</name>
	</country>
	<country>
		<value>YU</value>
		<name>유고슬라비아</name>
	</country>
	<country>
		<value>ZA</value>
		<name>남아프리카공화국</name>
	</country>
	<country>
		<value>ZM</value>
		<name>잠비아</name>
	</country>
	<country>
		<value>ZW</value>
		<name>짐바브웨</name>
	</country>
	<country>
		<value>ZZ</value>
		<name>기타</name>
	</country>
</countries>