<?xml version="1.0" encoding="UTF-8"?>

<!DOCTYPE mapper PUBLIC "-//mybatis.org//DTD Mapper 3.0//EN"
    "http://mybatis.org/dtd/mybatis-3-mapper.dtd">
    
<mapper namespace="com.teamfirst.project.LinguistMapper">

    <insert id="insertLinguist" parameterType="com.teamfirst.project.model.LinguistModel">
        insert into linguist(
			trans_picurl, trans_src_language, trans_area, trans_portfolio, 
			trans_name, trans_address, trans_id, trans_payrate, 
			trans_contact, trans_software, trans_targ_language
        )values(
            #{trans_picurl}, #{trans_src_language}, #{trans_area}, #{trans_portfolio},
             #{trans_name}, #{trans_address}, #{trans_id}, #{trans_payrate}, #{trans_contact}, #{trans_software}, #{trans_targ_language}
        )                
    </insert>
    
	<select id="selectLinguistList" resultType="com.teamfirst.project.model.LinguistModel">
		SELECT * 	
		FROM 
			linguist 
		ORDER BY trans_num desc 				
	</select>	
	    
	<select id="selectLinguistByNum" resultType="com.teamfirst.project.model.LinguistModel">
		SELECT * 			
		FROM 
			linguist 
		WHERE
			trans_num=#{num} 				
	</select>
	
	<select id="selectLinguistById" resultType="com.teamfirst.project.model.LinguistModel">
		SELECT * 			
		FROM 
			Linguist 
		WHERE
			trans_id=#{id} 				
	</select>
	
	<select id="selectLinguistByCode" resultType="com.teamfirst.project.model.LinguistModel">
		SELECT * 			
		FROM 
			linguist 
		WHERE
			trans_num=#{code} 				
	</select>	

    <update id="updateLinguist" parameterType="com.teamfirst.project.model.LinguistModel"> 
    	  	UPDATE linguist 
    	  	SET 
    	  		trans_picurl=#{trans_picurl}, trans_src_language=#{trans_src_language}, trans_area=#{trans_area}, trans_portfolio=#{trans_portfolio}, 
				trans_address=#{trans_address}, trans_payrate=#{trans_payrate}, trans_contact=#{trans_contact}, 
				trans_software=#{trans_software}, trans_targ_language=#{trans_targ_language} 
    	  	WHERE 
    	  		trans_id=#{trans_id} 	  	
    </update>

	<select id="selectJobList" resultType="com.teamfirst.project.model.LinguistModel">
		SELECT * 			
		FROM 
			(select * from transjob) limit 15
		ORDER BY JOBREGEDATE desc				
	</select>

	<select id="searchLinguistsByKeyword" resultType="com.teamfirst.project.model.LinguistModel">
		SELECT * 
		FROM 
			linguist 
		WHERE
			trans_name like '%'||#{keyword}||'%' or trans_src_language like '%'||#{keyword}||'%' 
			or trans_address like '%'||#{keyword}||'%' or trans_area like '%'||#{keyword}||'%' 
			or trans_portfolio like '%'||#{keyword}||'%' or trans_address like '%'||#{keyword}||'%' 
			or trans_payrate like '%'||#{keyword}||'%' or trans_contact like '%'||#{keyword}||'%' 
			or trans_software like '%'||#{keyword}||'%' or trans_targ_language 
			like '%'||#{keyword}||'%' or trans_id like '%'||#{keyword}||'%'		
		ORDER BY trans_num desc 				
	</select>		
	
</mapper>