<?xml version="1.0" encoding="UTF-8"?>
<languages>
	<language>
		<value>1</value>	
		<name>Abkhazian</name>
	</language>
	<language>
		<value>2</value>	
		<name>Afar</name>
	</language>
	<language>
		<value>3</value>	
		<name>Afrikaans</name>
	</language>
	<language>
		<value>4</value>	
		<name>Albanian</name>
	</language>
	<language>
		<value>199</value>	
		<name>American Sign Language</name>
	</language>
	<language>
		<value>5</value>	
		<name>Amharic</name>
	</language>
	<language>
		<value>6</value>	
		<name>Arabic</name>
	</language>
	<language>
		<value>194</value>	
		<name>Aramaic</name>
	</language>
	<language>
		<value>7</value>	
		<name>Armenian</name>
	</language>
	<language>
		<value>8</value>	
		<name>Assamese</name>
	</language>
	<language>
		<value>188</value>	
		<name>Assyrian Neo-Aramaic</name>
	</language>
	<language>
		<value>9</value>	
		<name>Avestan</name>
	</language>
	<language>
		<value>10</value>	
		<name>Aymara</name>
	</language>
	<language>
		<value>11</value>	
		<name>Azerbaijani</name>
	</language>
	<language>
		<value>191</value>	
		<name>Bambara</name>
	</language>
	<language>
		<value>12</value>	
		<name>Bashkir</name>
	</language>
	<language>
		<value>13</value>	
		<name>Basque</name>
	</language>
	<language>
		<value>27</value>	
		<name>Belarusian</name>
	</language>
	<language>
		<value>14</value>	
		<name>Bengali</name>
	</language>
	<language>
		<value>16</value>	
		<name>Bihari</name>
	</language>
	<language>
		<value>17</value>	
		<name>Bikol</name>
	</language>
	<language>
		<value>19</value>	
		<name>Bislama</name>
	</language>
	<language>
		<value>21</value>	
		<name>Bosnian</name>
	</language>
	<language>
		<value>23</value>	
		<name>Brazilian Portuguese</name>
	</language>
	<language>
		<value>208</value>	
		<name>Breton</name>
	</language>
	<language>
		<value>25</value>	
		<name>Bulgarian</name>
	</language>
	<language>
		<value>26</value>	
		<name>Burmese</name>
	</language>
	<language>
		<value>178</value>	
		<name>Cantonese</name>
	</language>
	<language>
		<value>185</value>	
		<name>Cape Verdean Creole</name>
	</language>
	<language>
		<value>29</value>	
		<name>Catalan</name>
	</language>
	<language>
		<value>30</value>	
		<name>Cebuano</name>
	</language>
	<language>
		<value>32</value>	
		<name>Chamorro</name>
	</language>
	<language>
		<value>33</value>	
		<name>Chechen</name>
	</language>
	<language>
		<value>34</value>	
		<name>Chinese</name>
	</language>
	<language>
		<value>189</value>	
		<name>Chuukese</name>
	</language>
	<language>
		<value>35</value>	
		<name>Chuvash</name>
	</language>
	<language>
		<value>36</value>	
		<name>Cornish</name>
	</language>
	<language>
		<value>37</value>	
		<name>Corsican</name>
	</language>
	<language>
		<value>38</value>	
		<name>Croatian</name>
	</language>
	<language>
		<value>39</value>	
		<name>Czech</name>
	</language>
	<language>
		<value>40</value>	
		<name>Danish</name>
	</language>
	<language>
		<value>187</value>	
		<name>Dari(Afghan Persian)</name>
	</language>
	<language>
		<value>209</value>	
		<name>Dinka</name>
	</language>
	<language>
		<value>193</value>	
		<name>Dioula</name>
	</language>
	<language>
		<value>41</value>	
		<name>Dutch</name>
	</language>
	<language>
		<value>15</value>	
		<name>Dzongkha</name>
	</language>
	<language>
		<value>205</value>	
		<name>Edo</name>
	</language>
	<language>
		<value>206</value>	
		<name>Efik</name>
	</language>
	<language>
		<value>42</value>	
		<name>English</name>
	</language>
	<language>
		<value>43</value>	
		<name>Esperanto</name>
	</language>
	<language>
		<value>44</value>	
		<name>Estonian</name>
	</language>
	<language>
		<value>45</value>	
		<name>Faroese</name>
	</language>
	<language>
		<value>47</value>	
		<name>Fiji</name>
	</language>
	<language>
		<value>48</value>	
		<name>Finnish</name>
	</language>
	<language>
		<value>49</value>	
		<name>Flemish</name>
	</language>
	<language>
		<value>50</value>	
		<name>French</name>
	</language>
	<language>
		<value>51</value>	
		<name>Frisian</name>
	</language>
	<language>
		<value>200</value>	
		<name>Fula</name>
	</language>
	<language>
		<value>53</value>	
		<name>Galician</name>
	</language>
	<language>
		<value>54</value>	
		<name>Georgian</name>
	</language>
	<language>
		<value>55</value>	
		<name>German</name>
	</language>
	<language>
		<value>56</value>	
		<name>Greek</name>
	</language>
	<language>
		<value>57</value>	
		<name>Greenlandic</name>
	</language>
	<language>
		<value>58</value>	
		<name>Guarani</name>
	</language>
	<language>
		<value>59</value>	
		<name>Gujarati</name>
	</language>
	<language>
		<value>180</value>	
		<name>Haitian Creole</name>
	</language>
	<language>
		<value>60</value>	
		<name>Hausa</name>
	</language>
	<language>
		<value>62</value>	
		<name>Hebrew</name>
	</language>
	<language>
		<value>63</value>	
		<name>Herero</name>
	</language>
	<language>
		<value>64</value>	
		<name>Hiligaynon</name>
	</language>
	<language>
		<value>66</value>	
		<name>Hindi</name>
	</language>
	<language>
		<value>67</value>	
		<name>Hiri Motu</name>
	</language>
	<language>
		<value>186</value>	
		<name>Hmong</name>
	</language>
	<language>
		<value>68</value>	
		<name>Hungarian</name>
	</language>
	<language>
		<value>69</value>	
		<name>Iban</name>
	</language>
	<language>
		<value>70</value>	
		<name>Icelandic</name>
	</language>
	<language>
		<value>182</value>	
		<name>Igbo</name>
	</language>
	<language>
		<value>184</value>	
		<name>Ilocano</name>
	</language>
	<language>
		<value>71</value>	
		<name>Indonesian</name>
	</language>
	<language>
		<value>72</value>	
		<name>Interlingua</name>
	</language>
	<language>
		<value>73</value>	
		<name>Inuktitut</name>
	</language>
	<language>
		<value>74</value>	
		<name>Inupiak</name>
	</language>
	<language>
		<value>75</value>	
		<name>Irish (Gaelic)</name>
	</language>
	<language>
		<value>76</value>	
		<name>Italian</name>
	</language>
	<language>
		<value>77</value>	
		<name>Japanese</name>
	</language>
	<language>
		<value>78</value>	
		<name>Javanese</name>
	</language>
	<language>
		<value>79</value>	
		<name>Kannada</name>
	</language>
	<language>
		<value>204</value>	
		<name>Kanuri</name>
	</language>
	<language>
		<value>211</value>	
		<name>Karen</name>
	</language>
	<language>
		<value>80</value>	
		<name>Kashmiri</name>
	</language>
	<language>
		<value>81</value>	
		<name>Kazakh</name>
	</language>
	<language>
		<value>28</value>	
		<name>Khmer</name>
	</language>
	<language>
		<value>197</value>	
		<name>K'iche'</name>
	</language>
	<language>
		<value>196</value>	
		<name>Kichwa</name>
	</language>
	<language>
		<value>82</value>	
		<name>Kikuyu</name>
	</language>
	<language>
		<value>83</value>	
		<name>Kinyarwanda</name>
	</language>
	<language>
		<value>84</value>	
		<name>Kirghiz</name>
	</language>
	<language>
		<value>85</value>	
		<name>Kirundi</name>
	</language>
	<language>
		<value>86</value>	
		<name>Komi</name>
	</language>
	<language>
		<value>210</value>	
		<name>Konkani</name>
	</language>
	<language>
		<value>87</value>	
		<name>Korean</name>
	</language>
	<language>
		<value>183</value>	
		<name>Kpelle</name>
	</language>
	<language>
		<value>88</value>	
		<name>Kurdish</name>
	</language>
	<language>
		<value>89</value>	
		<name>Lao</name>
	</language>
	<language>
		<value>90</value>	
		<name>Latin</name>
	</language>
	<language>
		<value>91</value>	
		<name>Latvian</name>
	</language>
	<language>
		<value>92</value>	
		<name>Lingala</name>
	</language>
	<language>
		<value>93</value>	
		<name>Lithuanian</name>
	</language>
	<language>
		<value>94</value>	
		<name>Luxemburgish</name>
	</language>
	<language>
		<value>201</value>	
		<name>Maay</name>
	</language>
	<language>
		<value>95</value>	
		<name>Macedonian</name>
	</language>
	<language>
		<value>198</value>	
		<name>Maithili</name>
	</language>
	<language>
		<value>96</value>	
		<name>Malagasy</name>
	</language>
	<language>
		<value>97</value>	
		<name>Malay</name>
	</language>
	<language>
		<value>98</value>	
		<name>Malayalam</name>
	</language>
	<language>
		<value>207</value>	
		<name>Maldivian</name>
	</language>
	<language>
		<value>99</value>	
		<name>Maltese</name>
	</language>
	<language>
		<value>179</value>	
		<name>Mandarin</name>
	</language>
	<language>
		<value>192</value>	
		<name>Maninka</name>
	</language>
	<language>
		<value>100</value>	
		<name>Manx Gaelic</name>
	</language>
	<language>
		<value>101</value>	
		<name>Maori</name>
	</language>
	<language>
		<value>102</value>	
		<name>Marathi</name>
	</language>
	<language>
		<value>103</value>	
		<name>Marshallese</name>
	</language>
	<language>
		<value>104</value>	
		<name>Moldovan</name>
	</language>
	<language>
		<value>105</value>	
		<name>Mongolian</name>
	</language>
	<language>
		<value>106</value>	
		<name>Nauru</name>
	</language>
	<language>
		<value>107</value>	
		<name>Navajo</name>
	</language>
	<language>
		<value>110</value>	
		<name>Ndebele</name>
	</language>
	<language>
		<value>108</value>	
		<name>Ndonga</name>
	</language>
	<language>
		<value>109</value>	
		<name>Nepali</name>
	</language>
	<language>
		<value>111</value>	
		<name>Norwegian</name>
	</language>
	<language>
		<value>113</value>	
		<name>Norwegian (Nynorsk)</name>
	</language>
	<language>
		<value>112</value>	
		<name>Nyanja</name>
	</language>
	<language>
		<value>114</value>	
		<name>Occitan</name>
	</language>
	<language>
		<value>115</value>	
		<name>Oriya</name>
	</language>
	<language>
		<value>116</value>	
		<name>Oromo</name>
	</language>
	<language>
		<value>117</value>	
		<name>Ossetian</name>
	</language>
	<language>
		<value>118</value>	
		<name>Pali</name>
	</language>
	<language>
		<value>119</value>	
		<name>Pangasinan</name>
	</language>
	<language>
		<value>122</value>	
		<name>Papiamento</name>
	</language>
	<language>
		<value>123</value>	
		<name>Pashto</name>
	</language>
	<language>
		<value>46</value>	
		<name>Persian (Farsi)</name>
	</language>
	<language>
		<value>124</value>	
		<name>Polish</name>
	</language>
	<language>
		<value>125</value>	
		<name>Portuguese</name>
	</language>
	<language>
		<value>126</value>	
		<name>Punjabi</name>
	</language>
	<language>
		<value>127</value>	
		<name>Quechua</name>
	</language>
	<language>
		<value>203</value>	
		<name>Rohingya</name>
	</language>
	<language>
		<value>128</value>	
		<name>Romanian</name>
	</language>
	<language>
		<value>195</value>	
		<name>Romany</name>
	</language>
	<language>
		<value>129</value>	
		<name>Russian</name>
	</language>
	<language>
		<value>130</value>	
		<name>Sami</name>
	</language>
	<language>
		<value>131</value>	
		<name>Samoan</name>
	</language>
	<language>
		<value>132</value>	
		<name>Sangho</name>
	</language>
	<language>
		<value>133</value>	
		<name>Sanskrit</name>
	</language>
	<language>
		<value>134</value>	
		<name>Sardinian</name>
	</language>
	<language>
		<value>136</value>	
		<name>Serbian</name>
	</language>
	<language>
		<value>137</value>	
		<name>Serbo-Croatian</name>
	</language>
	<language>
		<value>138</value>	
		<name>Sesotho</name>
	</language>
	<language>
		<value>139</value>	
		<name>Setswana</name>
	</language>
	<language>
		<value>140</value>	
		<name>Shona</name>
	</language>
	<language>
		<value>141</value>	
		<name>Sindhi</name>
	</language>
	<language>
		<value>142</value>	
		<name>Sinhala</name>
	</language>
	<language>
		<value>143</value>	
		<name>Siswati</name>
	</language>
	<language>
		<value>144</value>	
		<name>Slovak</name>
	</language>
	<language>
		<value>145</value>	
		<name>Slovene</name>
	</language>
	<language>
		<value>146</value>	
		<name>Somali</name>
	</language>
	<language>
		<value>147</value>	
		<name>Southern Ndebele</name>
	</language>
	<language>
		<value>148</value>	
		<name>Spanish</name>
	</language>
	<language>
		<value>149</value>	
		<name>Sundanese</name>
	</language>
	<language>
		<value>150</value>	
		<name>Swahili</name>
	</language>
	<language>
		<value>151</value>	
		<name>Swedish</name>
	</language>
	<language>
		<value>152</value>	
		<name>Tagalog</name>
	</language>
	<language>
		<value>153</value>	
		<name>Tahitian</name>
	</language>
	<language>
		<value>154</value>	
		<name>Tajik</name>
	</language>
	<language>
		<value>181</value>	
		<name>Tamil</name>
	</language>
	<language>
		<value>155</value>	
		<name>Tatar</name>
	</language>
	<language>
		<value>156</value>	
		<name>Telugu</name>
	</language>
	<language>
		<value>202</value>	
		<name>Tetum</name>
	</language>
	<language>
		<value>157</value>	
		<name>Thai</name>
	</language>
	<language>
		<value>158</value>	
		<name>Tibetan</name>
	</language>
	<language>
		<value>159</value>	
		<name>Tigrinya</name>
	</language>
	<language>
		<value>160</value>	
		<name>Tongan</name>
	</language>
	<language>
		<value>161</value>	
		<name>Tsonga</name>
	</language>
	<language>
		<value>162</value>	
		<name>Turkish</name>
	</language>
	<language>
		<value>163</value>	
		<name>Turkmen</name>
	</language>
	<language>
		<value>164</value>	
		<name>Twi</name>
	</language>
	<language>
		<value>165</value>	
		<name>Uigur</name>
	</language>
	<language>
		<value>166</value>	
		<name>Ukrainian</name>
	</language>
	<language>
		<value>167</value>	
		<name>Urdu</name>
	</language>
	<language>
		<value>168</value>	
		<name>Uzbek</name>
	</language>
	<language>
		<value>169</value>	
		<name>Vietnamese</name>
	</language>
	<language>
		<value>170</value>	
		<name>Volapuk</name>
	</language>
	<language>
		<value>171</value>	
		<name>Welsh</name>
	</language>
	<language>
		<value>172</value>	
		<name>Wolof</name>
	</language>
	<language>
		<value>173</value>	
		<name>Xhosa</name>
	</language>
	<language>
		<value>174</value>	
		<name>Yiddish</name>
	</language>
	<language>
		<value>175</value>	
		<name>Yoruba</name>
	</language>
	<language>
		<value>176</value>	
		<name>Zhuang</name>
	</language>
	<language>
		<value>177</value>	
		<name>Zulu</name>
	</language>				
</languages>