<?xml version="1.0" encoding="UTF-8"?>
<projectDescription>
	<name>Project</name>
	<comment></comment>
	<projects>
		<project>json-simple-1.1.1</project>
		<project>mysql-connector-java-5.1.45-bin</project>
		<project>taglibs-standard-impl-1.2.5</project>
		<project>taglibs-standard-spec-1.2.5</project>
		<project>cos</project>
		<project>taglibs-standard-compat-1.2.5</project>
		<project>taglibs-standard-jstlel-1.2.5</project>
		<project>ojdbc6</project>
	</projects>
	<buildSpec>
		<buildCommand>
			<name>org.eclipse.jdt.core.javabuilder</name>
			<arguments>
			</arguments>
		</buildCommand>
		<buildCommand>
			<name>org.eclipse.wst.common.project.facet.core.builder</name>
			<arguments>
			</arguments>
		</buildCommand>
		<buildCommand>
			<name>org.eclipse.wst.validation.validationbuilder</name>
			<arguments>
			</arguments>
		</buildCommand>
	</buildSpec>
	<natures>
		<nature>org.eclipse.jem.workbench.JavaEMFNature</nature>
		<nature>org.eclipse.wst.common.modulecore.ModuleCoreNature</nature>
		<nature>org.eclipse.wst.common.project.facet.core.nature</nature>
		<nature>org.eclipse.jdt.core.javanature</nature>
		<nature>org.eclipse.wst.jsdt.core.jsNature</nature>
	</natures>
</projectDescription>
