<?xml version="1.0" encoding="UTF-8"?>

<!DOCTYPE mapper PUBLIC "-//mybatis.org//DTD Mapper 3.0//EN"
    "http://mybatis.org/dtd/mybatis-3-mapper.dtd">
    
<mapper namespace="com.teamfirst.project.ClientMapper">
    <insert id="insertClient" parameterType="com.teamfirst.project.model.ClientModel">
        INSERT into clientprofile(
            id, name, kinds, address, image
        )VALUES(
            #{userid}, #{name}, #{kinds}, #{address}, #{image}
        )
    </insert>
    
    <select id="listClient" resultType="com.teamfirst.project.model.ClientModel">
    select * from clientprofile order by num desc
    </select>
    
    <select id="selectClient" resultType="com.teamfirst.project.model.ClientModel">
    select * from clientprofile where num=#{num}
    </select>
    <update id="updateClient" parameterType="com.teamfirst.project.model.ClientModel">
    update clientprofile set name=#{name},kinds=#{kinds},address=#{address},image=#{image} where num=#{num}
    </update>
    <delete id="deleteClient" >
    delete clientprofile where num=#{num}
    </delete>
    
     <select id="searchClient" resultType="com.teamfirst.project.model.ClientModel">
    select * from clientprofile where userid like '%#{keyword}$%' or name like '%#{keyword}%' or address like '%#{keyword}%' or image like '%#{keyword}%' 
				or writedate like '%#{keyword}%' order by num desc
    </select> 
    
</mapper>