<?xml version="1.0" encoding="UTF-8"?>

<!DOCTYPE mapper PUBLIC "-//mybatis.org//DTD Mapper 3.0//EN"
    "http://mybatis.org/dtd/mybatis-3-mapper.dtd">
    
<mapper namespace="com.teamfirst.project.MemberMapper">

     <select id="login" resultType="com.teamfirst.project.model.MemberModel">
    	SELECT * from member
    	WHERE 
    		userid=#{userid} and pwd=#{pwd} 		
    </select>
 
    <select id="selectMemberView" resultType="com.teamfirst.project.model.MemberModel">
    	SELECT * from member
    	WHERE 
    		userid=#{userid}           
    </select>
 
    <select id="conrfirmMember" resultType="com.teamfirst.project.model.MemberModel">
    	SELECT userid from member
    	WHERE 
    		userid=#{userid}           
    </select>

    <select id="checkMember" parameterType="HashMap" resultType="com.teamfirst.project.model.MemberModel">
    	SELECT pwd from member
    	WHERE 
    		userid=#{userid}           
    </select>
        
    
               
    <insert id="insertMembers" parameterType="com.teamfirst.project.model.MemberModel">
        INSERT into member(
            name, userid,  pwd, email, phone, admin
            )
        VALUES(
            #{name}, #{userid}, #{pwd}, #{email}, #{phone}, #{admin}
        	)
    </insert>    

    <update id="updateMember" parameterType="com.teamfirst.project.model.MemberModel">
    	UPDATE member 
    	SET
	    	pwd=#{pwd}, email=#{email}, phone=#{phone}, admin=#{admin} 
		WHERE 
			userid=#{userid}   	
    </update>
    
    <select id="checkUserWithSessionKey" resultType="com.teamfirst.project.model.MemberModel">
     	SELECT * from member 
     	WHERE 
     	sessionKey = #{value}  and sessionlimit > now()
     	</select>
   
   

</mapper>