<?xml version="1.0" encoding="UTF-8"?><project-modules id="moduleCoreId" project-version="1.5.0">
    <wb-module deploy-name="Project">
        <wb-resource deploy-path="/" source-path="/WebContent" tag="defaultRootSource"/>
        <wb-resource deploy-path="/WEB-INF/classes" source-path="/src"/>
        <wb-resource deploy-path="/WEB-INF/classes/" source-path="/ImportedClasses"/>
        <dependent-module archiveName="json-simple-1.1.1.jar" deploy-path="/WEB-INF/lib/" handle="module:/resource/json-simple-1.1.1/json-simple-1.1.1">
            <dependency-type>uses</dependency-type>
        </dependent-module>
        <dependent-module archiveName="mysql-connector-java-5.1.45-bin.jar" deploy-path="/WEB-INF/lib/" handle="module:/resource/mysql-connector-java-5.1.45-bin/mysql-connector-java-5.1.45-bin">
            <dependency-type>uses</dependency-type>
        </dependent-module>
        <dependent-module archiveName="taglibs-standard-impl-1.2.5.jar" deploy-path="/WEB-INF/lib/" handle="module:/resource/taglibs-standard-impl-1.2.5/taglibs-standard-impl-1.2.5">
            <dependency-type>uses</dependency-type>
        </dependent-module>
        <dependent-module archiveName="taglibs-standard-spec-1.2.5.jar" deploy-path="/WEB-INF/lib/" handle="module:/resource/taglibs-standard-spec-1.2.5/taglibs-standard-spec-1.2.5">
            <dependency-type>uses</dependency-type>
        </dependent-module>
        <dependent-module archiveName="cos.jar" deploy-path="/WEB-INF/lib/" handle="module:/resource/cos/cos">
            <dependency-type>uses</dependency-type>
        </dependent-module>
        <dependent-module archiveName="taglibs-standard-compat-1.2.5.jar" deploy-path="/WEB-INF/lib/" handle="module:/resource/taglibs-standard-compat-1.2.5/taglibs-standard-compat-1.2.5">
            <dependency-type>uses</dependency-type>
        </dependent-module>
        <dependent-module archiveName="taglibs-standard-jstlel-1.2.5.jar" deploy-path="/WEB-INF/lib/" handle="module:/resource/taglibs-standard-jstlel-1.2.5/taglibs-standard-jstlel-1.2.5">
            <dependency-type>uses</dependency-type>
        </dependent-module>
        <dependent-module archiveName="ojdbc6.jar" deploy-path="/WEB-INF/lib/" handle="module:/resource/ojdbc6/ojdbc6">
            <dependency-type>uses</dependency-type>
        </dependent-module>
        <property name="context-root" value="Project"/>
        <property name="java-output-path" value="/Project/build/classes"/>
    </wb-module>
</project-modules>
