<?xml version="1.0" encoding="UTF-8"?>
<weathers>
<weather>
<location>Daegu</location>
<temp>19</temp>
<icon>01d</icon>	
</weather>
<weather>
<location>Incheon</location>
<temp>14.54</temp>
<icon>50d</icon>	
</weather>
<weather>
<location>Gwangju</location>
<temp>16</temp>
<icon>02d</icon>	
</weather>
<weather>
<location>Daejeon</location>
<temp>17</temp>
<icon>01d</icon>	
</weather>
<weather>
<location>Ulsan</location>
<temp>15</temp>
<icon>01d</icon>	
</weather>
<weather>
<location>Jeju</location>
<temp>14</temp>
<icon>01d</icon>	
</weather>
<weather>
<location>Seoul</location>
<temp>14.52</temp>
<icon>50d</icon>	
</weather>
<weather>
<location>Busan</location>
<temp>15</temp>
<icon>01d</icon>	
</weather>
</weathers>