<?xml version="1.0" encoding="UTF-8"?>

<!DOCTYPE mapper PUBLIC "-//mybatis.org//DTD Mapper 3.0//EN"
    "http://mybatis.org/dtd/mybatis-3-mapper.dtd">
    
<mapper namespace="com.teamfirst.project.MessageMapper">
    <insert id="insertMessage" parameterType="com.teamfirst.project.model.MessageModel">
		INSERT into message(
			num, fromid, toid, content) 
		VALUES(
			MESSAGE_SEQ.nextval, #{fromid},	#{toid}, #{content})
    </insert>
    
    <select id="selectSentMessage" resultType="com.teamfirst.project.model.MessageModel">
    	SELECT 
    		num, toid, content, sendtime, readtime from message
    	WHERE 
    		fromid = #{id} order by num desc 		
    </select>

    <select id="selectMyMessage" resultType="com.teamfirst.project.model.MessageModel">
 		SELECT 
 			num, fromid, content, sendtime from message 
 		WHERE 
 			toid = #{id} and waste=0 and keep=0 order by num desc		
    </select>

    <select id="selectReadMessage" resultType="com.teamfirst.project.model.MessageModel">
 		SELECT 
 			* from message  
 		WHERE 
 			num = #{num}		
    </select>
    
    <update id="updateReadMessage">
    	UPDATE message 
    	SET
	    	readornot = 1, 
	    	readtime=sysdate 
		WHERE 
			num=#{num}   	
    </update>
    
    <select id="selectUnreadMessageCount" resultType="int">  
 		SELECT 
 			count(readornot) from message  
 		WHERE 
 			toid = #{id} and readornot=0								
    </select>
       
    <select id="selectUnreadMessageList" parameterType="java.util.HashMap" resultType="com.teamfirst.project.model.MessageModel">  
 		SELECT 
 			num, fromid, content, sendtime from message   
 		WHERE 
 			toid = #{id} and readornot= #{readnot}								
    </select>

   <select id="selectUnOpenedMessageList" parameterType="java.util.HashMap" resultType="com.teamfirst.project.model.MessageModel">  
 		SELECT 
 			num, toid, content, sendtime from message  
 		WHERE 
 			fromid = #{id} and readornot= #{readnot}								
    </select>

    <update id="updateTrashMessage">
    	UPDATE 
    		message
    	SET
	    	waste = 1 
	    WHERE 
			num=#{num}   	
    </update>
 
    <select id="selectTrashedMessage" resultType="com.teamfirst.project.model.MessageModel">  
 		SELECT 
 			select num, fromid, content, sendtime from message  
 		WHERE 
 			waste=1 and keep=0
 		order by num desc								
    </select>
  
    <update id="updateRecoveryMessage">
    	UPDATE 
    		message
    	SET
	    	keep = 1 
	    WHERE 
			num=#{num}   	
    </update>  
    
    <delete id="delMessage">
    	DELETE
    		from message 
    	WHERE 
    		num=#{num}    
    </delete>
    
    <delete id="delAllMessage">
    	DELETE
    		from message 
    	WHERE 
    		waste=1    
    </delete>
 
    <select id="selectKeptMessageList" resultType="com.teamfirst.project.model.MessageModel">  
 		SELECT 
 			num, fromid, content, sendtime from message 
 		WHERE 
 			keep=1 and waste=0 
 		order by num desc								
    </select>
</mapper>