<?xml version="1.0" encoding="UTF-8"?>

<!DOCTYPE mapper PUBLIC "-//mybatis.org//DTD Mapper 3.0//EN"
    "http://mybatis.org/dtd/mybatis-3-mapper.dtd">
    
<mapper namespace="com.teamfirst.project.RequestMapper"> 
	<select id="selectAllRequest" resultType="com.teamfirst.project.model.RequestModel">
		SELECT * 
		FROM request 
		ORDER BY num desc 
	</select>
	
    <insert id="insertRequest" parameterType="com.teamfirst.project.model.RequestModel">
        INSERT into request(
			pass, userid, title, sourceLang, targetLang, 
			content, refile, deadline, cash
        )
        VALUES(
            #{pass}, #{userid}, #{title},  #{sourceLang}, #{targetLang}, 
            #{content}, #{refile}, #{deadline}, #{cash}
        )    
    </insert>
    
    <update id="updateReadCount" > 
    	  	UPDATE project.request 
    	  	SET readcount=readcount+1 
    	  	WHERE num=#{num}  	
    </update>
 
    <select id="selectRequestDetailsByNum" resultType="com.teamfirst.project.model.RequestModel">
    	SELECT  
    		r.num, r.pass, m.name, r.userid, m.email, r.title,  r.SourceLang, r.TargetLang, 
    		r.content, r.refile, r.deadline,r.cash,r.readcount, r.writedate, r.now				
		FROM 
			request r, member m 
		WHERE
			m.userid=r.userid and num=#{num}
    </select>

   <update id="updateRequest" parameterType="com.teamfirst.project.model.RequestModel">
   		UPDATE request 
   		SET
   			pass=#{pass}, title=#{title}, sourceLang=#{sourceLang}, targetLang=#{targetLang},
   			content=#{content}, refile=#{refile}, deadline=#{deadline}, cash=#{cash} now=#{now} 
			
		WHERE 
			num=#{num}
    </update>
 
     <select id="checkPassWord" parameterType="java.util.HashMap" resultType="com.teamfirst.project.model.RequestModel">   	
     	SELECT  
     		r.num, r.pass, m.name, r.userid, m.email, r.title,  r.SourceLang,
     		r.TargetLang, r.content, r.refile, r.deadline, r.cash, r.readcount, 
     		r.writedate, r.now 
     	FROM
     		request r, member m
		WHERE
			m.userid=r.userid and pass=#{pass} and num=#{num}    
    </select>
    
    <delete id="deleteRequest">
        DELETE
        FROM
            request
        WHERE
            num=#{num}    
    </delete>

    <select id="selectRequestList" resultType="com.teamfirst.project.model.RequestModel">
    	SELECT * 
		FROM request 
		ORDER BY num DESC     
    </select>
    
</mapper>