<?xml version="1.0" encoding="UTF-8"?>

<!DOCTYPE mapper PUBLIC "-//mybatis.org//DTD Mapper 3.0//EN"
    "http://mybatis.org/dtd/mybatis-3-mapper.dtd">
    
<mapper namespace="com.teamfirst.project.SupportMapper">

	<insert id="insertSupport" parameterType="com.teamfirst.project.model.SupportModel">
        INSERT into support(
			num, title, kinds, id, pwd, email, content 
        )
        VALUES(
            support_seq.nextval, #{title}, #{kinds}, #{id},  #{pwd}, #{email}, #{content}
        )
	</insert>
	
	<select id="selectSupport" resultType="com.teamfirst.project.model.SupportModel">
		SELECT * 	
		FROM 
			support 
		ORDER BY num desc 
	</select>	

    <update id="updateSupport" parameterType="com.teamfirst.project.model.SupportModel"> 
    	  	UPDATE support 
    	  	SET 
    	  		title=#{title}, kinds=#{kinds}, pwd=#{pwd}, content=#{content}  
    	  	WHERE 
    	  		num=#{num}"; 	  	
    </update>
    
    <delete id="delSupport">
        DELETE
        FROM
            support
        WHERE
            num=#{num}    
    </delete>
 
 	<select id="searchSupport" resultType="com.teamfirst.project.model.SupportModel">
		SELECT * 			
		FROM 
			support 
		WHERE
			title like '%'||#{keyword}||'%'
		ORDER BY num desc 
	</select>	
    
 	<select id="selectSupportByNum" resultType="com.teamfirst.project.model.SupportModel">
		SELECT * 			
		FROM 
			support 
		WHERE
			num=#{num} 
	</select>   

 	<select id="selectMenuList" resultType="com.teamfirst.project.model.SupportModel">
		SELECT * 			
		FROM 
			support 
		WHERE
			kinds=#{kinds} 
	</select> 	     
</mapper>